Publication Year,Author Keywords,,,,,,,,,,,,,,,,,,,,,,,,,
2022,Digital Twin;Internet of Things;Blockchain;Data Interaction,,,,,,,,,,,,,,,,,,,,,,,,,
2022,Digital Twins;Internet of Things (IoT);Distributed Ledger Technologiess (DLTs);Hyperledger Fabric;interoperability;decentralization;immutability;auditability;availability;reliability,,,,,,,,,,,,,,,,,,,,,,,,,
2019,Digital Twins;Industrial Internet of Things;Cyber-Physical Systems;Artificial Intelligence,,,,,,,,,,,,,,,,,,,,,,,,,
2022,Digital twin technology;Architecture;Key technology;Smart Internet of things;Big data technology;Big data platform,,,,,,,,,,,,,,,,,,,,,,,,,
2022,Forestry 4.0;Digital Twins;ForestML 4.0;Internet of Things,,,,,,,,,,,,,,,,,,,,,,,,,
2022,artificial intelligence;YOLOv3;digital twin;BIM;internet of things;big data;construction;FFNN model,,,,,,,,,,,,,,,,,,,,,,,,,
2022,IIoT;Digital Twin;AGV,,,,,,,,,,,,,,,,,,,,,,,,,
2022,Digital Twins;Distributed Ledger Technologies;Internet of Things;Sensing;Actuation;Blockchain;Ethereum;Hyperledger Fabric;Auditability;Availability,,,,,,,,,,,,,,,,,,,,,,,,,
2022,Digital Twin;Edge Computing;Cloud Computing;Smart Building;Computer Vision;Internet of Things (IoT),,,,,,,,,,,,,,,,,,,,,,,,,
2023,Digital Twin;Digital Thing;Abstraction;Upcasting;Inheritance,,,,,,,,,,,,,,,,,,,,,,,,,
2022,Digital Twin;Model-Driven Engineering;Architecture Deployment,,,,,,,,,,,,,,,,,,,,,,,,,
2021,Equipment monitoring system;energy characteristics;Digital Twins;Internet of Things,,,,,,,,,,,,,,,,,,,,,,,,,
2022,Digital twin;cyber-physical system;industrial Internet of things;small and micro parks,,,,,,,,,,,,,,,,,,,,,,,,,
2021,Cloud computing;Communication protocols;Cyber-physical systems;Digital twin;Internet of Things,,,,,,,,,,,,,,,,,,,,,,,,,
2022,cyber-physical systems;digital twin;service-oriented architectures;3D model;industry 4.0;cloud computing,,,,,,,,,,,,,,,,,,,,,,,,,
2023,Block chain;Smart contracts;Decentralized blocks;Artificial intelligence;Digital twin creation;IoT;taxonomy;Hash function and cloud servers,,,,,,,,,,,,,,,,,,,,,,,,,
2023,Digital Twins;Internet of Things;IoT Platform;MCU system,,,,,,,,,,,,,,,,,,,,,,,,,
2019,Geological disasters;monitoring and early warning;digital twin;BP neural network,,,,,,,,,,,,,,,,,,,,,,,,,
2023,Data driven;digital twin (DT);framework;high-dimensional indicator;jointly spatial-temporal analysis;situation awareness (SA);uncertainty,,,,,,,,,,,,,,,,,,,,,,,,,
2022,Digital Twin;Soil Carbon Accounting;Proximity Radar Sensor;Internet of Living Things (IoT);Artificial Intelligent Internet of Things (AIoT);Artificial Intelligent Internet of Living Things (AIoLT),,,,,,,,,,,,,,,,,,,,,,,,,
2020,Industry 4.0;IoT;Digital Twins;Open-Source;Benchmark,,,,,,,,,,,,,,,,,,,,,,,,,
2022,Blockchain;cooperative federated learning;digital twin edge networks;directed acyclic graph (DAG);iterative double auction,,,,,,,,,,,,,,,,,,,,,,,,,
2022,Digital twin;digital transformation;smart manufacturing;industry 4.0;structural health monitoring;5G,,,,,,,,,,,,,,,,,,,,,,,,,
2022,Internet of Things (IoT);Artificial Intelligence;Digital Twin;Smart Campus,,,,,,,,,,,,,,,,,,,,,,,,,
2021,rod pump;digital twin;model;simulation,,,,,,,,,,,,,,,,,,,,,,,,,
2022,Industrial Internet of Things (IIoT);GRAFCET virtual machine (GVM);digital twin;programming logic controller (PLC);gateway;cyber-physical system (CPS),,,,,,,,,,,,,,,,,,,,,,,,,
2019,Digital twin;eGastronomic things;augmented reality;virtual reality;3D interaction;Internet of Things;security,,,,,,,,,,,,,,,,,,,,,,,,,
2023,Cold chain;digital twins;risk analysis;temperature-sensitive-products,,,,,,,,,,,,,,,,,,,,,,,,,
2022,Digital Twin;Smart City;IOT;Simulation;AI;BIM;IFC;HVAC,,,,,,,,,,,,,,,,,,,,,,,,,
2022,Digital Twins;ICPS;Eclipse Arrowhead Framework;DTaaP.,,,,,,,,,,,,,,,,,,,,,,,,,
2023,digital twin;visual geo-Localization;smart city;IoT,,,,,,,,,,,,,,,,,,,,,,,,,
2022,Digital twin;core network;network configuration;atomic capability;operating maintenance,,,,,,,,,,,,,,,,,,,,,,,,,
2019,industry 40;digital twin;augmented reality;internet of things;stress analysis,,,,,,,,,,,,,,,,,,,,,,,,,
2023,Blockchain;digital twin (DT);Internet of Things (IoT);network optimization;sustainable system,,,,,,,,,,,,,,,,,,,,,,,,,
2023,Data resampling;digital twin;edge computing;Industrial Internet of Things (IIoT);predictive maintenance;system identification;time synchronization,,,,,,,,,,,,,,,,,,,,,,,,,
2020,Digital Twin;Energy Internet;Internet of Things,,,,,,,,,,,,,,,,,,,,,,,,,
2022,cybersecurity;digital twins;IoT;healthcare,,,,,,,,,,,,,,,,,,,,,,,,,
2019,Internet of things;agriculture;smart farming;digital twin;digital smart farming,,,,,,,,,,,,,,,,,,,,,,,,,
2022,IoT;standards;standardization;IoT standardization,,,,,,,,,,,,,,,,,,,,,,,,,
2022,Digital Twins (DTs);Blockchain;Industrial Internet of Things (IIoT);Sensors;Data security and trust,,,,,,,,,,,,,,,,,,,,,,,,,
2023,power transformer;health index;internet of things;transformer monitoring,,,,,,,,,,,,,,,,,,,,,,,,,
2023,Data communications;digital twins;Internet of Things (IoT);metaverse;augmented reality (AR);mobile edge computing (MEC);responsible artificial intelligence (AI);virtual reality (VR),,,,,,,,,,,,,,,,,,,,,,,,,
2023,Digital Twin;Smart Healthcare;Healthcare;Cybersecurity;Smart Cities,,,,,,,,,,,,,,,,,,,,,,,,,
2018,Digital Asset;Digital Twin;Project Management;Investment and Capital Construction Projects;Internet of Things;Big Data;Digitization;Artificial Intelligence.,,,,,,,,,,,,,,,,,,,,,,,,,
2022,expressway toll station;multi queue digital twin;edge decision;Internet of things;multiple lanes;remote duty,,,,,,,,,,,,,,,,,,,,,,,,,
2022,Energy Internet;Digital Twins;Artificial Intelligence;Source-Grid-Load-Storage;Things of Internet,,,,,,,,,,,,,,,,,,,,,,,,,
2019,digital twin;distributed ledger technology;fog computing;edge computing;Internet of Things;predictive maintenance,,,,,,,,,,,,,,,,,,,,,,,,,
2018,Digitalization;Internet of Things;Cyber-Physical Systems;mechatronics;mechanical engineering;laboratory,,,,,,,,,,,,,,,,,,,,,,,,,
2019,,,,,,,,,,,,,,,,,,,,,,,,,,
2023,Digital Twin;DDoS;IoT;Metaverse;Fog computing,,,,,,,,,,,,,,,,,,,,,,,,,
2022,Digital Twin;Internet of Things;Industy 4.0,,,,,,,,,,,,,,,,,,,,,,,,,
2020,Internet of Things;Industrial Internet of Things;Digital Twins;Augmented Reality;3-D Printing,,,,,,,,,,,,,,,,,,,,,,,,,
2023,Device-to-device (D2D) communication;digital twin (DT);edge computing;federated learning (FL);industrial Internet of Things (IIoT);resource allocation;sixth generation (6G),,,,,,,,,,,,,,,,,,,,,,,,,
2021,Digital Twin;Evolution;Maintenance;Fluent APIs,,,,,,,,,,,,,,,,,,,,,,,,,
2023,Artificial Intelligence of Things;Internet of Medical Things;Digital Twin;Smart Healthcare,,,,,,,,,,,,,,,,,,,,,,,,,
2022,Digital twins;micro-services;network management,,,,,,,,,,,,,,,,,,,,,,,,,
2022,internet of things;digital twin;aerospace;material management;supply chain management;warehouse,,,,,,,,,,,,,,,,,,,,,,,,,
2021,digital twin;federated learning;learning efficiency;communication efficiency,,,,,,,,,,,,,,,,,,,,,,,,,
2022,Digital process twin;Autonomous systems,,,,,,,,,,,,,,,,,,,,,,,,,
2021,Comprehensive clock model;digital twin;Industrial Internet of Things (IIoT);packet delay variation (PDV);resource saving;temperature compensated skew correction,,,,,,,,,,,,,,,,,,,,,,,,,
2022,Digital Twin;Automated Guided Vehicle;Metamodel;Object Oriented Programming (OOP);Machine vision,,,,,,,,,,,,,,,,,,,,,,,,,
2022,Digital Twin;Edge Computing;Cloud Computing;Smart Building;Computer Vision;Internet of Things (IoT),,,,,,,,,,,,,,,,,,,,,,,,,
2022,Cross-layer optimization;digital twins (DTs);hazardous gas tracing;Industrial Internet of Things (IIoT);parallel optimization framework,,,,,,,,,,,,,,,,,,,,,,,,,
2022,Industry 4.0;Intelligent Manufacturing;CPS;IoT;Digital Twin;and Reliability analysis,,,,,,,,,,,,,,,,,,,,,,,,,
2021,development plan;digital twin;integration of graph and data;online grid;Planning Information System,,,,,,,,,,,,,,,,,,,,,,,,,
2021,Battery management;storage battery;operation and maintenance system;digital twin,,,,,,,,,,,,,,,,,,,,,,,,,
2021,urban rail traction power supply system;digital twin;energy saving;multiphysics modeling;data-driven,,,,,,,,,,,,,,,,,,,,,,,,,
2022,Digital twin;Industry 4.0;Internet of Things (IoT);Virtual Reality;VR;NETPIE,,,,,,,,,,,,,,,,,,,,,,,,,
2021,digital twin;digital twin security;digital twin threats;data communication;artificial intelligence,,,,,,,,,,,,,,,,,,,,,,,,,
2022,Augmented Twin;Internet of Things;Lightweight Device;Intelligent Cooperation;Genetic Algorithm,,,,,,,,,,,,,,,,,,,,,,,,,
2022,digital model;manufacturing;data;digital twin-driven;product line design,,,,,,,,,,,,,,,,,,,,,,,,,
2021,COVID-19;Mental Stress;Internet of Things;Digital Twin;Machine Learning,,,,,,,,,,,,,,,,,,,,,,,,,
2023,Digital twin;graduation intelligent manufacturing system (GiMS);Industrial Internet of Things (IIoT);manufacturing planning and control (MPC);shop-floor logistics and manufacturing synchronization,,,,,,,,,,,,,,,,,,,,,,,,,
2023,Smart Factory;Industry 4.0;Digital Twin;Internet of Things (IoT);Distributed Denial of Service (DDoS),,,,,,,,,,,,,,,,,,,,,,,,,
2023,digital twin;Internet of Vehicles;hierarchical reinforcement learning,,,,,,,,,,,,,,,,,,,,,,,,,
2022,,,,,,,,,,,,,,,,,,,,,,,,,,
2020,Digital Twin;Internet of Things;Industry 4.0;Manufacturing;Artificial Intelligence;Landscape,,,,,,,,,,,,,,,,,,,,,,,,,
2020,Cyber-Physical System;Information System Architecture;Internet of Things;Digital Twin;InfluxData Platform;Modelica,,,,,,,,,,,,,,,,,,,,,,,,,
2022,digital twin computing;photonics networks;carbon neutrality;cyber-physical systems,,,,,,,,,,,,,,,,,,,,,,,,,
2021,additive manufacturing;inkjet printing;Radar;RFID,,,,,,,,,,,,,,,,,,,,,,,,,
2022,IIoT;digital twin;carbon emissions;energy efficiency;industry,,,,,,,,,,,,,,,,,,,,,,,,,
2022,Digital twin (DT);distributed learning;machine learning (ML);Internet of Things (IoT);product design,,,,,,,,,,,,,,,,,,,,,,,,,
2020,Digital Twin;data streaming;lifecycle data management;smart cars;IoT;CPS,,,,,,,,,,,,,,,,,,,,,,,,,
2022,digital twin;modular multilevel converter (MMC);electro-thermal model;hardware in the loop;life prediction,,,,,,,,,,,,,,,,,,,,,,,,,
2021,Edge;5G;MEC;Digital Twin;OpenNESS,,,,,,,,,,,,,,,,,,,,,,,,,
2021,Digital twins;Maintenance;Railway;Pantograph catenary interaction;IoT;Damage detection;Asset Health Management,,,,,,,,,,,,,,,,,,,,,,,,,
2021,Cyber-physical systems;cyberspace;digital twins;digital twin web;Internet of Things;internet topology;metadata;metamodeling;open-source software;semantic web;web services,,,,,,,,,,,,,,,,,,,,,,,,,
2023,Collaborative manufacturing;digital twin;manufacturing resources;smart manufacturing,,,,,,,,,,,,,,,,,,,,,,,,,
2022,Edge intelligence;digital twin;DNN partitioning;Industrial Internet of Things (IIoT),,,,,,,,,,,,,,,,,,,,,,,,,
2021,Blockchain;communication efficiency;digital twin;edge networks;federated learning,,,,,,,,,,,,,,,,,,,,,,,,,
2022,Digital twins;building;BIM;Twinning;KTU,,,,,,,,,,,,,,,,,,,,,,,,,
2022,IoT;Digital Twins;Security;Autonomous Adversary Emulation;DT,,,,,,,,,,,,,,,,,,,,,,,,,
2022,Amazon Web services (AWS);cloud computing;connected vehicles;digital twin;edge computing,,,,,,,,,,,,,,,,,,,,,,,,,
2020,Cyber Physical System;Digital Twin;Embedded Sensing;Asset Management;Internet of Things,,,,,,,,,,,,,,,,,,,,,,,,,
2023,Blockchain;deep reinforcement learning (DRL);digital twin (DT);multiagent;virtual reality (VR),,,,,,,,,,,,,,,,,,,,,,,,,
2022,digital twin;virtual reality;post-stroke rehabilitation;Internet of Things;cloud services;Microsoft Azure,,,,,,,,,,,,,,,,,,,,,,,,,
2022,MBSE;Digital Twin;Digital Shadow;Digital Model;SysML,,,,,,,,,,,,,,,,,,,,,,,,,
2018,augmented reality;virtual reality;internet of things;sensor networks;virtual environment of things,,,,,,,,,,,,,,,,,,,,,,,,,
2022,Internet of Things;W3C Web of Things;Digital Twin;Markov Decision Process;Machine Learning;Simulation,,,,,,,,,,,,,,,,,,,,,,,,,
2023,Internet of Things;Digital Twins;Internet of Robotic Things;Virtual Reality;Robot Navigation;Remote Health Monitoring;COVID-19,,,,,,,,,,,,,,,,,,,,,,,,,
2023,Smart City;Digital Twin;Big Data Analysis;Deep Learning;Internet of Things,,,,,,,,,,,,,,,,,,,,,,,,,
2022,Digital twin;big data;Internet of things;artificial intelligence,,,,,,,,,,,,,,,,,,,,,,,,,
2019,Digital Twin;Hospital of the Future;Internet of Things;Modeling;Simulation,,,,,,,,,,,,,,,,,,,,,,,,,
2018,Digital twin;ontology;Internet of Things;Cyber Physical Systems,,,,,,,,,,,,,,,,,,,,,,,,,
2023,Blockchain;digital twin;Industrial Internet of Things (IIoT);oracle,,,,,,,,,,,,,,,,,,,,,,,,,
2022,CPS (Cyber Physical System);Digital Twin;Smart Factory;Processing Control;Virtualization,,,,,,,,,,,,,,,,,,,,,,,,,
2023,Computing;execution uncertainty;Industrial Internet of Things (IIoT);multitask scheduling;optimization,,,,,,,,,,,,,,,,,,,,,,,,,
2022,Digital twin edge networks (DITEN);6G;DT modeling;DT deployment;applications;challenges,,,,,,,,,,,,,,,,,,,,,,,,,
2020,high voltage cable;digital twin;Internet of things;condition monitoring,,,,,,,,,,,,,,,,,,,,,,,,,
2021,Digital twin;bionics;product development;co-evolution;product life cycle,,,,,,,,,,,,,,,,,,,,,,,,,
2023,Internet of Things;Building energy;InfluxDB;Smart energy,,,,,,,,,,,,,,,,,,,,,,,,,
2023,Data age target;digital twin (DT);minimum delay;placement,,,,,,,,,,,,,,,,,,,,,,,,,
2018,Internet-of-Things;Digital Twin;Manufacturing,,,,,,,,,,,,,,,,,,,,,,,,,
2022,digital twin;robotic automation;smart manufacturing;system life cycle,,,,,,,,,,,,,,,,,,,,,,,,,
2020,Digital twins;industrial Internet of things (IIoT);standards,,,,,,,,,,,,,,,,,,,,,,,,,
2021,Digital Twin;Modeling and Simulation;Cyber-Physical System;Internet of Things;Industry 4.0,,,,,,,,,,,,,,,,,,,,,,,,,
2022,Digital twin;virtual mechanism;Intelligent Electronic Device;virtual machine;configuration;cloud-based;firmware update,,,,,,,,,,,,,,,,,,,,,,,,,
2022,Data fusion;digital twin;generative adversarial network (GAN);Internet of Things (IoT);multifidelity;NVIDIA Omniverse,,,,,,,,,,,,,,,,,,,,,,,,,
2020,Internet of Things (IoT);healthcare;digital twin;cyber resilience;lung cancer,,,,,,,,,,,,,,,,,,,,,,,,,
2019,interactive wildfire simulation;digital twin;internet of thing;data assimilation,,,,,,,,,,,,,,,,,,,,,,,,,
2022,Spatial Division;Identifier Assignment;Road Name Address;IoT System;Digital Twin;Indoor Space;IndoorGML,,,,,,,,,,,,,,,,,,,,,,,,,
2021,Industrial Internet of Things;Industry 40;Machine Learning;Artificial Intelligence;Digital Twin,,,,,,,,,,,,,,,,,,,,,,,,,
2021,Digital Twin;4EM methodology;simulation modelling;strategic Cominication,,,,,,,,,,,,,,,,,,,,,,,,,
2022,Digital Twin;Mechatronics;Mechatronics Concept Designer;TIA Portal,,,,,,,,,,,,,,,,,,,,,,,,,
2023,Digital twin;virtual platform;Internet of Things;cyber-physical systems,,,,,,,,,,,,,,,,,,,,,,,,,
2016,eRobotics;Virtual Testbed;Digital Twin;Simulation Technology,,,,,,,,,,,,,,,,,,,,,,,,,
2022,Digital Twins;DLTs;Blockchain;IoT;WoT;Ethereum;Interoperability;Auditability;Availability,,,,,,,,,,,,,,,,,,,,,,,,,
2023,Crowdsensing;differential game;digital twins (DTs);evolutionary game;game theory;Internet of Things (IoT);metaverse;resource allocation;synchronization,,,,,,,,,,,,,,,,,,,,,,,,,
2022,Digital twin (DT);Internet of Medical Things (IoMT);mixed reality (MR);remote surgery;robust auxiliary classifier generative adversarial network (rAC-GAN) model,,,,,,,,,,,,,,,,,,,,,,,,,
2022,Digital twin (DT);edge computing;orchestration;Social Internet of Things (SIoT),,,,,,,,,,,,,,,,,,,,,,,,,
2022,Internet of Things;Fog Computing;Edge;Cloud;Digital Twins;Wind Turbines,,,,,,,,,,,,,,,,,,,,,,,,,
2023,,,,,,,,,,,,,,,,,,,,,,,,,,
2023,Internet of digital twins;security;privacy;artificial intelligence;semantic communication;blockchain,,,,,,,,,,,,,,,,,,,,,,,,,
2022,UIoT;UIoT RA;standardization;ISO/IEC JTC1/SC41/WG7,,,,,,,,,,,,,,,,,,,,,,,,,
2022,5G/6G;autoencoder (AE);digital twin;industrial Internet of Thing (IoT);Industry 4.0;machine health;reconfigurable intelligent surface (RIS),,,,,,,,,,,,,,,,,,,,,,,,,
2023,Digital twins;maritime transportation system;Internet of Things;relay cooperation;maritime silk road,,,,,,,,,,,,,,,,,,,,,,,,,
2021,Blockchain;communication efficiency;digital twin;federated learning;wireless networks,,,,,,,,,,,,,,,,,,,,,,,,,
2022,Smart Factory;Internet of Things;Data-Intensive Smart Factory;Operationalization Process Automation;Digital Twin Platform;IoT-Sensed Dataset;Time-Series Dataset,,,,,,,,,,,,,,,,,,,,,,,,,
2021,Deep reinforcement learning (DRL);digital twin;edge association;transfer learning;wireless network,,,,,,,,,,,,,,,,,,,,,,,,,
2021,data analytics;digital twin;internet of things;the industrial revolution;working space,,,,,,,,,,,,,,,,,,,,,,,,,
2020,,,,,,,,,,,,,,,,,,,,,,,,,,
2022,Industry 4.0;Internet of Things;Digital twins;intelligent control and management,,,,,,,,,,,,,,,,,,,,,,,,,
2023,Digital twin;machine learning;microgrid;physical twin;power system;security;transportation system,,,,,,,,,,,,,,,,,,,,,,,,,
2022,Alternating optimization;digital twin;industrial Internet-of-Things;mobile edge computing (MEC);ultra-reliable and low latency communications (URLLC),,,,,,,,,,,,,,,,,,,,,,,,,
2023,Blockchain;data and knowledge;reinforcement learning;resource management;sustainable computing,,,,,,,,,,,,,,,,,,,,,,,,,
2017,Digital Twins;Interdependence;IoT;Smart Cities;Spatiotemporal Flux,,,,,,,,,,,,,,,,,,,,,,,,,
2021,Asynchronous;communication efficiency;digital twin (DT);federated learning;learning efficiency,,,,,,,,,,,,,,,,,,,,,,,,,
2022,Digital Twin;distributed and parallel computing;interoperability;and OT/IT convergence,,,,,,,,,,,,,,,,,,,,,,,,,
2021,Cyber Twins;Digital Twins;Industry 4.0;Digital Manufacturing,,,,,,,,,,,,,,,,,,,,,,,,,
2020,Digital twin;enterprise systems;Industrial Internet of Things;cyber-physical systems,,,,,,,,,,,,,,,,,,,,,,,,,
2019,Digital Twin;SoS Engineering;CPS;IoT,,,,,,,,,,,,,,,,,,,,,,,,,
2021,Augmented Reality;Mixed Reality;Smart City;Urban Digital Twin;Virtual City Miniature;Virtual IoT;360 videos,,,,,,,,,,,,,,,,,,,,,,,,,
2022,Blockchain;Hyperledger Fabric;Data sharing system;Digital Twins,,,,,,,,,,,,,,,,,,,,,,,,,
2022,Cloud computing;deep learning (DL);digital twin (DT);Internet of Things (IoT);structural health monitoring (SHM),,,,,,,,,,,,,,,,,,,,,,,,,
2021,Cyber Physical Systems;Internet of Things;Digital Twin;Industry 4.0;Society 5.0,,,,,,,,,,,,,,,,,,,,,,,,,
2021,Internet of Things;Digital Twins;secured communication;OAuth2;Smart Systems Service Infrastructure (S3I),,,,,,,,,,,,,,,,,,,,,,,,,
2020,Blockchain;Industrial Internet of Things (IIoT);Industry 40;intelligent manufacturing system (IMS);manufacturing blockchain of things (MBCoT),,,,,,,,,,,,,,,,,,,,,,,,,
2023,Blockchain;digital twin (DT);privacy protection;vehicular networks,,,,,,,,,,,,,,,,,,,,,,,,,
2022,data prediction;digital twin;MLP;virtual sensor,,,,,,,,,,,,,,,,,,,,,,,,,
2022,,,,,,,,,,,,,,,,,,,,,,,,,,
2022,multi-robot systems;ACP framework;kinematic control;neural dynamics;Internet of Things,,,,,,,,,,,,,,,,,,,,,,,,,
2022,Artificial intelligence (AI);blockchain;digital twin (DT);edge collaboration,,,,,,,,,,,,,,,,,,,,,,,,,
2022,Ray tracing;PLM;trustworthy identification;virtual fitting;IIoT,,,,,,,,,,,,,,,,,,,,,,,,,
2021,Energy efficiency;federated learning (FL);digital twin (DT);Industrial Internet of Things (IIoT),,,,,,,,,,,,,,,,,,,,,,,,,
2021,thermal power plant;digital twin;intelligent management;water system,,,,,,,,,,,,,,,,,,,,,,,,,
2023,Digital twin;microcontroller;non-linear dynamical systems;system predictor;black-box model,,,,,,,,,,,,,,,,,,,,,,,,,
2022,cloud-based development platform;distribution power Internet of Things;digital twins;software development,,,,,,,,,,,,,,,,,,,,,,,,,
2021,,,,,,,,,,,,,,,,,,,,,,,,,,
2019,DT (Digital Twin);Automation;Intelligent Electronic Devices(IED);SIPROTEC Devices;Ranorex;Digital Siemens(DIGSI);Information Routing Matrix;Disconnector (DC);Circuit Breaker (CB);Continuous Function Chart (CFC).,,,,,,,,,,,,,,,,,,,,,,,,,
2020,Security;IoT system;IoT end-devices;cost and time savings;modelling;simulated devices;digital twin;verification;validation;test;scalability;design quality,,,,,,,,,,,,,,,,,,,,,,,,,
2021,Federated Learning;Anomaly Detection;Internet of Medical Things;Remote Patient Monitoring;Security;Privacy;Edge Cloudlet Computing;Long Short-Term Memory;Digital Twin,,,,,,,,,,,,,,,,,,,,,,,,,
2022,computer application;digital twin;digital twin city;element framework,,,,,,,,,,,,,,,,,,,,,,,,,
2023,Mixed Reality(MR);Internet of Things (IoT);Artificial Intelligence (AI);Convergence Platform;Disaster Response;Military Surveillance;Digital Twin,,,,,,,,,,,,,,,,,,,,,,,,,
2020,Digital Transformation;Business and Management research;Literature Review;Bibliometric analysis;Co-word network analysis,,,,,,,,,,,,,,,,,,,,,,,,,
2022,Digital twins;smart grid;energy assets modeling;business models;energy services.,,,,,,,,,,,,,,,,,,,,,,,,,
2022,Digital Twin;Real World;Virtual World;Healthcare;Security,,,,,,,,,,,,,,,,,,,,,,,,,
2021,Digital twin (DT);electrocardiogram (ECG);Internet of Things (IoT);machine learning;smart healthcare%,,,,,,,,,,,,,,,,,,,,,,,,,
2021,digitization;digital twin;blockchain;virtual fabrication facility,,,,,,,,,,,,,,,,,,,,,,,,,
2022,environmental digital twins;cyber-physical systems;network requirements;inspection;maintenance;repair robots;cloud robotics,,,,,,,,,,,,,,,,,,,,,,,,,
2023,Deep learning;digital twin (DT)-inspired model;generative adversarial network (GAN);Gramian angular field (GAF);sensor faults,,,,,,,,,,,,,,,,,,,,,,,,,
2022,,,,,,,,,,,,,,,,,,,,,,,,,,
2019,digital twin;smart home;ontology;Protégé,,,,,,,,,,,,,,,,,,,,,,,,,
2021,digital twin;modeling method;state evaluation;virtual interaction,,,,,,,,,,,,,,,,,,,,,,,,,
2022,Digital twin;metaverse;mobile edge computing;ultra-reliable and low latency communications,,,,,,,,,,,,,,,,,,,,,,,,,
2022,Digital Twin;Robotics;Internet of Things;Industrial IoT;Robotic Arm;Robot Operating System (ROS),,,,,,,,,,,,,,,,,,,,,,,,,
2023,Data quality;ecosystem requirements;Internet of Things (IoT);reference IoT ecosystem;smart manufacturing,,,,,,,,,,,,,,,,,,,,,,,,,
2022,,,,,,,,,,,,,,,,,,,,,,,,,,
2023,3-D modeling;digital twin (DT);smart clothing system;user-system interaction;wearable devices,,,,,,,,,,,,,,,,,,,,,,,,,
2022,,,,,,,,,,,,,,,,,,,,,,,,,,
2022,digital twin networks;edge association;6g,,,,,,,,,,,,,,,,,,,,,,,,,
2019,Digital Twin;Internet of Things;Security;Trust;Collaboration;Infrastructure;Supply Chains,,,,,,,,,,,,,,,,,,,,,,,,,
2022,Industry 4.0;Digital Twin;Context awareness;Ontology;Cyber Physical System;Internet of Things (IoT),,,,,,,,,,,,,,,,,,,,,,,,,
2022,Finite state machine;digital twin;the IoT device;simulation;production line,,,,,,,,,,,,,,,,,,,,,,,,,
2022,Digital Twins;IoT;5G;Jetson Nano;Agriculture,,,,,,,,,,,,,,,,,,,,,,,,,
2018,Stream Processing;Internet of Things;Self-Service,,,,,,,,,,,,,,,,,,,,,,,,,
2017,Communication Middleware;Digital twin;CPS;Modeling&Simulation;ADAS,,,,,,,,,,,,,,,,,,,,,,,,,
2021,Digital twin;smart cities;industry 4.0;society 5.0;IoT;smart manufacturing;cyber-physical systems;open challenges,,,,,,,,,,,,,,,,,,,,,,,,,
2021,digital twin;Internet of Vehicles;incentives;ADMM;Stackelberg game,,,,,,,,,,,,,,,,,,,,,,,,,
2021,Edge cooperation;Digital twin;Artificial Intelligent;Resource allocation,,,,,,,,,,,,,,,,,,,,,,,,,
2022,Internet of Things (IoT);Industrial IoT (IIoT);Performance Analysis;Natural Language Processing (NLP);Artificial Intelligence (AI);Cybersecurity;Document Oriented NoSQL Data Store;Digital Twin;Center of Excellence (CoE);Industry 4.0 (I4): Fourth Industrial Revolution (4IR);Cutural Change,,,,,,,,,,,,,,,,,,,,,,,,,
2019,Internet of Things;Web of Things;Distributed Graph;Graph-database;connected objects;avatars;digital twin,,,,,,,,,,,,,,,,,,,,,,,,,
2023,,,,,,,,,,,,,,,,,,,,,,,,,,
2020,Digital twins;applications;enabling technologies;industrial Internet of Things (IIoT);Internet of Things (IoT);machine learning;deep learning;literature review,,,,,,,,,,,,,,,,,,,,,,,,,
2023,Digital twin;Smart spaces;LoRa networks;Internet of Things;Sensor networks,,,,,,,,,,,,,,,,,,,,,,,,,
2022,Digital twins (DTs);intersatellite routing;multiobjective optimization;satellite handover;satellite-terrestrial network (STN),,,,,,,,,,,,,,,,,,,,,,,,,
2021,Digital twin (DT);digital twin network (DTN);DT modeling,,,,,,,,,,,,,,,,,,,,,,,,,
2022,3D visualization;small and micro parks;Internet of Things;energy efficiency control,,,,,,,,,,,,,,,,,,,,,,,,,
2021,Application-driven management;digital twin (DT);edge computing;industrial IoT;software defined networking (SDN),,,,,,,,,,,,,,,,,,,,,,,,,
2021,Communication efficiency;digital twin;energy cost;federated learning;Industrial Internet of Things (IIOT),,,,,,,,,,,,,,,,,,,,,,,,,
2023,Internet of Things;NFV;VNF migration;Digital twin;federated learning;deep reinforcement learning,,,,,,,,,,,,,,,,,,,,,,,,,
2021,Network slicing;Internet of Things;digital twin;emulation;virtualization;slice sizing,,,,,,,,,,,,,,,,,,,,,,,,,
2022,Artificial intelligence (AI);digital twin (DT);edge collaboration;resource allocation,,,,,,,,,,,,,,,,,,,,,,,,,
2020,Industry 4.0;digital twin;virtual reality;mixed reality;mechatronics;Internet of Things,,,,,,,,,,,,,,,,,,,,,,,,,
2022,Digital Twin;Internet of Things;Deep Learning;Historic Preservation;BIM,,,,,,,,,,,,,,,,,,,,,,,,,
2023,Deep reinforcement learning (DRL);digital twin (DT);federated learning (FL);Industrial Internet of Things (IIoT);learning efficiency;real time,,,,,,,,,,,,,,,,,,,,,,,,,
2022,BIM;data integration;data interoperability;digital twin;IoT;ontology;semantic interoperability;smart building,,,,,,,,,,,,,,,,,,,,,,,,,
2020,Smart Grid;IoT;Cybersecurity;Digital Twins,,,,,,,,,,,,,,,,,,,,,,,,,
2023,Industry 4.0 and Beyond;Industry Internet of Things;Digital Twin Network;Resource Allocation;Service Equilibrium;Prioritized Experience Replay,,,,,,,,,,,,,,,,,,,,,,,,,
2023,digital twin;digital power grid;power grid intelligent operation and maintenance;power grid inspection,,,,,,,,,,,,,,,,,,,,,,,,,
2023,IoT;Digital Twin;Middleware;Smart Agriculture,,,,,,,,,,,,,,,,,,,,,,,,,
2023,Digital twin;blockchain;authentication;key agreement;security,,,,,,,,,,,,,,,,,,,,,,,,,
2021,digital twin;smart factory;machine learning;production systems;web,,,,,,,,,,,,,,,,,,,,,,,,,
2023,Azure Digital Twin (ADT);Wind Turbine;PMSG;industry 4.0;ML;IEC 61400-25;IEC 61400-27-1-2020,,,,,,,,,,,,,,,,,,,,,,,,,
2022,Digital twin;3D visualization;user interface;discrete event simulation;IRC;assembly line,,,,,,,,,,,,,,,,,,,,,,,,,
2023,Digital Twin;sustainability;SDGs,,,,,,,,,,,,,,,,,,,,,,,,,
2022,Beyond fifth-generation (5G) network;digital twin (DT);Internet of Things (IoT);Internet of Vehicles (IoV);sixth-generation (6G) network,,,,,,,,,,,,,,,,,,,,,,,,,
2021,Digital twin;Cloud computing;Internet of things;State of charge;State of health,,,,,,,,,,,,,,,,,,,,,,,,,
2020,Artificial intelligence (AI);business models;cyber physical systems (CPSs);digital twin (DT);Internet of Things (IoT);machine learning (ML);multiagent systems;network function virtualization;sensors;servitization;smart city;software architecture;softwarization;virtual and augmented reality,,,,,,,,,,,,,,,,,,,,,,,,,
2021,Computation offloading;deep reinforcement learning (DRL);digital twin;industrial Internet of Things (IIoT),,,,,,,,,,,,,,,,,,,,,,,,,
2021,Delayed rejection;digital twin;edge computing;federated analytics;finite Gaussian mixture;Markov chain Monte Carlo (MCMC),,,,,,,,,,,,,,,,,,,,,,,,,
2021,Cancer;Digital Twins;Application of medicine,,,,,,,,,,,,,,,,,,,,,,,,,
2022,Cloud computing;data model;digital twin;Internet of Things;simulation;virtualization,,,,,,,,,,,,,,,,,,,,,,,,,
2020,IoT;metrology;digital calibration certificate;security;Digital Twin,,,,,,,,,,,,,,,,,,,,,,,,,
2021,intelligent monitoring;digital twin;symbiosis of virtuality and reality;research;operation safety;dam,,,,,,,,,,,,,,,,,,,,,,,,,
2021,Digital Twin;Facility Management;Predictive Maintenance;Internet of Things;Building Information Modeling,,,,,,,,,,,,,,,,,,,,,,,,,
2022,,,,,,,,,,,,,,,,,,,,,,,,,,
2022,digital twin;internet of things;big data;smart infrastructure;smart city,,,,,,,,,,,,,,,,,,,,,,,,,
2022,Digital twin technology (DTwT);Internet of Robotic things (IoRT);surgery;future surgical sector;healthcare,,,,,,,,,,,,,,,,,,,,,,,,,
2021,Digital Twin (DT);Industry 4.0;fault tolerance;Internet of Things (IoT);neural networks;sensor validation,,,,,,,,,,,,,,,,,,,,,,,,,
2020,cyber-physical system;Internet of Things;model-oriented control;microprocessors;High Level Architecture;CEN;FPGA;ARM,,,,,,,,,,,,,,,,,,,,,,,,,
2021,Reference Architecture Model Industrie 4.0 (RAMI 4.0);Model-based Systems Engineering (MBSE);Industrial Internet of Things (IIoT);AutomationML;Model-driven Architecture (MDA),,,,,,,,,,,,,,,,,,,,,,,,,
2022,5G edge computing;digital twin (DT);distribution grid;federated learning (FL);security and latency awareness,,,,,,,,,,,,,,,,,,,,,,,,,
2021,resilience urban;new generation information and communication technology;robustness,,,,,,,,,,,,,,,,,,,,,,,,,
2023,Building digital twin (BDT);building information modeling (BIM);computer vision (CV);digital twin (DT),,,,,,,,,,,,,,,,,,,,,,,,,
2022,,,,,,,,,,,,,,,,,,,,,,,,,,
2021,AutomationML;Digital Twin;Cloud;IoT;Model-Driven Engineering,,,,,,,,,,,,,,,,,,,,,,,,,
2020,Counterfactual explanations;digital twins;Internet of Things;machine learning;smart health;sociotechnical design;wearables,,,,,,,,,,,,,,,,,,,,,,,,,
2022,,,,,,,,,,,,,,,,,,,,,,,,,,
2021,Digital twin (DT);Industry 4.0;Fiber Indstry;Basalt Fiber Production;PLM;Industrial IoT (IIoT),,,,,,,,,,,,,,,,,,,,,,,,,
2022,Digital Twin;Federated learning;Non-orthogonal Multiple Access,,,,,,,,,,,,,,,,,,,,,,,,,
2021,service science;semiparallel service system;ACP;complex systems modeling,,,,,,,,,,,,,,,,,,,,,,,,,
2022,Connected vehicles;cooperative driving;non-signalized intersections;Digital Twin;human-machine interface,,,,,,,,,,,,,,,,,,,,,,,,,
2023,Smart Lighting;Street Lighting;Virtual Reality;Digital Twin;Internet of Things,,,,,,,,,,,,,,,,,,,,,,,,,
2022,Data collection;deep reinforcement learning (DRL);Internet of Things (IoT);trajectory design;unmanned aerial vehicle (UAV) communications,,,,,,,,,,,,,,,,,,,,,,,,,
2021,Digital Twin;Discrete-event simulation;Industry 4.0,,,,,,,,,,,,,,,,,,,,,,,,,
2023,Cloud-edge-device collaboration;digital twin (DT);electrical equipment management;federated learning (FL);reliability and communication efficiency,,,,,,,,,,,,,,,,,,,,,,,,,
2019,Building information modeling;digital twin;life cycle management;Internet of Things;wireless sensor network,,,,,,,,,,,,,,,,,,,,,,,,,
2021,Communication;Computation;Resource Allocation;Digital Twin;IIoT,,,,,,,,,,,,,,,,,,,,,,,,,
2021,LED;Luminaire;Artificial intelligence;Self-learning Digital twins;prescriptive twins,,,,,,,,,,,,,,,,,,,,,,,,,
2022,Alternating direction method of multiplier (ADMM);digital twin (DT);incentives;Internet of Vehicles (IoV);Stackelberg game,,,,,,,,,,,,,,,,,,,,,,,,,
2023,Security;Virtual Sensors;Actuators;Internet of Things (IoT);Big Data Algorithms;Digital Twin,,,,,,,,,,,,,,,,,,,,,,,,,
2022,smart manufacturing;shop floor;5G;digital twin;integrated system,,,,,,,,,,,,,,,,,,,,,,,,,
2021,Digital Twin;Evolution;Virtualization;IoT;IIoT;Connectivity;Security;Flowmeter,,,,,,,,,,,,,,,,,,,,,,,,,
2022,Artificial intelligence;automatic learning;big data;decision support system;digital twin;Industry 4.0;microgrids,,,,,,,,,,,,,,,,,,,,,,,,,
2020,Internet of things;tangibles;learning support,,,,,,,,,,,,,,,,,,,,,,,,,
2023,Digital Twins;Anomaly Detection;Cyber-Physical Systems;Process Mining;IIoT;Autonomic Computing,,,,,,,,,,,,,,,,,,,,,,,,,
2022,Mobile edge computing;digital twin;IoT,,,,,,,,,,,,,,,,,,,,,,,,,
2021,LIDAR;point cloud;rendering;surface reconstruction;digital twin,,,,,,,,,,,,,,,,,,,,,,,,,
2022,intelligent high-speed railway;digital twinning;data governance;Internet of things;sensors;big data center,,,,,,,,,,,,,,,,,,,,,,,,,
2018,,,,,,,,,,,,,,,,,,,,,,,,,,
2021,Distributed Ledger Technology;Smart Contract;License Agreement;Intellectual Property;Blockchain,,,,,,,,,,,,,,,,,,,,,,,,,
2022,Digital twin;low-carbon smart park;federated learning;resource management,,,,,,,,,,,,,,,,,,,,,,,,,
2023,Deep reinforcement learning (DRL);federated learning;client selection;resource allocation,,,,,,,,,,,,,,,,,,,,,,,,,
2020,Digital Twins;Industry 4.0;Virtualization,,,,,,,,,,,,,,,,,,,,,,,,,
2021,car as a service;digital twin;modeling and deployment;smart city,,,,,,,,,,,,,,,,,,,,,,,,,
2022,Polymorphic learning algorithm;Digital twin;Heterogeneous resources,,,,,,,,,,,,,,,,,,,,,,,,,
2022,Digital Twin;thermal analysis;reduced order model (ROM);virtual model;cloud platform;control system;enabling technologies,,,,,,,,,,,,,,,,,,,,,,,,,
2023,Metaverse;Generation Algorithm;Multi-scene;Virtual Images;Dynamic Pictures,,,,,,,,,,,,,,,,,,,,,,,,,
2019,digital twin;Internet of Things;Industry 4.0;efficiency;virtual model,,,,,,,,,,,,,,,,,,,,,,,,,
2023,Digital Twin;IoT;Smart City;Smart Port;Supply Chain,,,,,,,,,,,,,,,,,,,,,,,,,
2023,Metaverse;finance;banking;artificial intelligence;blockchain;digital twins,,,,,,,,,,,,,,,,,,,,,,,,,
2022,digital twins;multi-dimensional multi-scale modeling;ship mould bed;height adjustment,,,,,,,,,,,,,,,,,,,,,,,,,
2022,Digital twin;historic building;indoor environment;Internet of Things,,,,,,,,,,,,,,,,,,,,,,,,,
2019,industry 4.0;digital twins;automatic composition,,,,,,,,,,,,,,,,,,,,,,,,,
2022,Building Information Model;Metaverse;semantic Web;ontology;explainability;digital twin;virtual reality;3D interaction;Internet of Things,,,,,,,,,,,,,,,,,,,,,,,,,
2022,3D City model;Photorealistic texture;digital twin;Smart City applications,,,,,,,,,,,,,,,,,,,,,,,,,
2023,Computation offloading;digital twin (DT);Industrial Internet of Thing (IIoT);mobile edge computing (MEC);privacy investment;resource allocation;Stackelberg game,,,,,,,,,,,,,,,,,,,,,,,,,
2019,,,,,,,,,,,,,,,,,,,,,,,,,,
2022,Digital twin;automation;didactics;technological innovation;industrial internet of things IIOT,,,,,,,,,,,,,,,,,,,,,,,,,
2022,data center (DC);energy conservation;digital twin;AI,,,,,,,,,,,,,,,,,,,,,,,,,
2023,Traffic flow visualization;level of detail;situational awareness;traffic sensor network;urban mobility;traffic monitoring,,,,,,,,,,,,,,,,,,,,,,,,,
2023,digital twin;industrial Internet of Things;multi-access edge computing;non-orthogonal multiple access,,,,,,,,,,,,,,,,,,,,,,,,,
2022,Industrial Internet of Things (IIoTs);Industry 4.0;reconfigurable intelligent surface (RIS);smart factory;ultrareliable and low-latency communication (URLLC);unsupervised deep learning (DL),,,,,,,,,,,,,,,,,,,,,,,,,
2021,Artificial intelligence (AI);big data;blockchain;COVID-19;digital twin;eHealth;healthcare;Internet of Things (IoT);pandemic;robotics;wearable,,,,,,,,,,,,,,,,,,,,,,,,,
2020,Digital twin;networked microgrids;distributed control;industrial Internet of Things;cybersecurity,,,,,,,,,,,,,,,,,,,,,,,,,
2022,Digital Twin;Manufacturing;Simulation;CAD model. IoT;Sensors;Small and medium-sized enterprises,,,,,,,,,,,,,,,,,,,,,,,,,
2023,Digital twins;heterogeneous digital twins IoT;adaptive caching;evolutionary game;evolutionary stability strategies,,,,,,,,,,,,,,,,,,,,,,,,,
2018,Digital Twin;DES;IOT;Pervasive Computing;Hospital Services,,,,,,,,,,,,,,,,,,,,,,,,,
2022,smart home;remote collaboration;immersive company;solitary senior,,,,,,,,,,,,,,,,,,,,,,,,,
2023,Industrial Internet of Things (IIoT);mobile crowdsensing;digital twin;federated learning;knowledge distillation;incentive mechanism,,,,,,,,,,,,,,,,,,,,,,,,,
2022,Digital twin;Electromobility;Bigdata;5G;IoT;Autonomous Vehicles,,,,,,,,,,,,,,,,,,,,,,,,,
2022,Artificial Intelligence;digital twin;classes;IoT;Machine learning;solar energy,,,,,,,,,,,,,,,,,,,,,,,,,
2022,,,,,,,,,,,,,,,,,,,,,,,,,,
2021,Data security;Digital Twin;encryption;decryption;IoT,,,,,,,,,,,,,,,,,,,,,,,,,
2022,power grid infrastructure projects;digital twin;BIM;PSO algorithm;BP algorithm;planning management,,,,,,,,,,,,,,,,,,,,,,,,,
2023,Internet of Things;trust management;digital twin;blockchain;metaverse,,,,,,,,,,,,,,,,,,,,,,,,,
2023,Digital twins;electrocardiogram (ECG);Internet of Healthcare Things (IoHT);joint dictionary learning;photoplethysmogram (PPG);sparse coding,,,,,,,,,,,,,,,,,,,,,,,,,
2021,SAP;AnyLogic;Digital Twins;Data Analytics,,,,,,,,,,,,,,,,,,,,,,,,,
2018,Digital Twins;Agriculture 4.0;Vertical Farming;Sustainability;GRL,,,,,,,,,,,,,,,,,,,,,,,,,
2022,Bluetooth low energy (BLE);digital twin (DT);factory logistics;indoor localization;Industrial Internet of Things (IIoTs);long short-term memory (LSTM) network;ultra-wideband (UWB),,,,,,,,,,,,,,,,,,,,,,,,,
2021,Cyber Physical Systems;Digital Twins;Cybersecurity,,,,,,,,,,,,,,,,,,,,,,,,,
2021,Internet of Things;smart industries;future manufacturing;access control;security;privacy;digital twins;attribute-based access control,,,,,,,,,,,,,,,,,,,,,,,,,
2020,Digital twin;Internet of Things;big data analytics;smart building,,,,,,,,,,,,,,,,,,,,,,,,,
2021,IoTwins;Digital Twins;Cloud;Edge;IoT;Service Orchestration,,,,,,,,,,,,,,,,,,,,,,,,,
2020,Digital Twin;Food equipment;Safety;Industry 4.0,,,,,,,,,,,,,,,,,,,,,,,,,
2022,,,,,,,,,,,,,,,,,,,,,,,,,,
2020,Multi-access Edge Computing;CoAP;Digital Twin;OMA LwM2M;MQTT;MaaS,,,,,,,,,,,,,,,,,,,,,,,,,
2023,Multi-UAV system;Digital twin;Task assignment;Deep reinforcement learning,,,,,,,,,,,,,,,,,,,,,,,,,
2022,Digital Twin;Security;Internet of Things;Cyber-Physical Systems,,,,,,,,,,,,,,,,,,,,,,,,,
2018,big data processing;augmented reality;digital twin;cloud computing;internet of things;real-time processing;micro services;wind farms;smart control station,,,,,,,,,,,,,,,,,,,,,,,,,
2021,Digital twin;inland waterway;safety management;video fusion;safety management;inland waterway;3D panorama,,,,,,,,,,,,,,,,,,,,,,,,,
2022,Digital twin;manufacturer usage description (MUD);network security;software-defined networking (SDN),,,,,,,,,,,,,,,,,,,,,,,,,
2019,,,,,,,,,,,,,,,,,,,,,,,,,,
2022,Data Fusion;Digital Twin;Predictive Maintenance;Manufacturing Industry;IoT Technology;Machine Learning;Supervised Learning Algorithms,,,,,,,,,,,,,,,,,,,,,,,,,
2021,Blockstack naming system (BNS);decentralized identifiers (DID);electronic product code (EPC);GNU name system (GNS);handle;industrial Internet of Things (IIoT);identity resolution system;object identifier (OID);ubiquitous ID (UID),,,,,,,,,,,,,,,,,,,,,,,,,
2022,Digital Twins;Asset Administration Shell;System-of-Systems;Internet of Things;Industry 4.0,,,,,,,,,,,,,,,,,,,,,,,,,
2019,CPS;Digital Twin;Federate;Federation;High Level Architecture;IoT;IEEE 1451;IEEE 1516;Smart Sensor,,,,,,,,,,,,,,,,,,,,,,,,,
2022,Blockchain;Deep Learning (DL);Digital Twin (DT);Industrial Internet of Things (IIoT);Smart Contract,,,,,,,,,,,,,,,,,,,,,,,,,
2023,Upper limb dysfunction;telerehabilitation;digital twin;robot-aided therapy;the Industrial Internet of Things (IIoT);augmented reality;motion visualization;ThingWorx;Vuforia studio,,,,,,,,,,,,,,,,,,,,,,,,,
2020,industry 4.0;commercial greenhouse;digital twin;data architecture;production process,,,,,,,,,,,,,,,,,,,,,,,,,
2018,"eRobotics;experimentable digital twin (EDT);intelligent systems;simulation-based systems engineering;simulation-based X, virtual testbed (VTB)",,,,,,,,,,,,,,,,,,,,,,,,,
2020,Digitalization;digital twin (DT);industry 4.0;extended reality;industrial Internet of Things (IIoT);oil and gas,,,,,,,,,,,,,,,,,,,,,,,,,
2022,digital twin;multi-perspective modelling;smart agriculture,,,,,,,,,,,,,,,,,,,,,,,,,
2022,Deep reinforcement learning (DRL);digital twin (DT);flocking motion;multi-UAV systems,,,,,,,,,,,,,,,,,,,,,,,,,
2023,Condition monitoring;digital twin;finite element analysis;induction motors;Internet of Things,,,,,,,,,,,,,,,,,,,,,,,,,
2023,industrial Internet;deterministic networking;networking middleware,,,,,,,,,,,,,,,,,,,,,,,,,
2022,,,,,,,,,,,,,,,,,,,,,,,,,,
2022,Blockchain;digital twin;Industry 4.0;Internet of Things (IoT);quantum resilient,,,,,,,,,,,,,,,,,,,,,,,,,
2020,Data link;digital twin;industrial communication;industrial internet of things;cyber-physical systems,,,,,,,,,,,,,,,,,,,,,,,,,
2022,Digital Twin Synchronization;Data Acquisition;Data Identification;Industrial Automation;Internet of Things,,,,,,,,,,,,,,,,,,,,,,,,,
2021,Cyber-Physical-Social Systems (CPSS);Digital Twins (DT);Energy Systems(ES);Machine Learning (ML),,,,,,,,,,,,,,,,,,,,,,,,,
2022,,,,,,,,,,,,,,,,,,,,,,,,,,
2021,,,,,,,,,,,,,,,,,,,,,,,,,,
2021,Distributed manufacturing;knitting industry;parallel intelligence;large-scale flexible production,,,,,,,,,,,,,,,,,,,,,,,,,
2022,Mobile AR;digital twin;multimodal recognition;Bayesian attractor model;Bayesian causal inference,,,,,,,,,,,,,,,,,,,,,,,,,
2021,agriculture;artificial intelligence (AI);digital twin;internet of things (IoT);digital farming;smart agriculture,,,,,,,,,,,,,,,,,,,,,,,,,
2023,Digital Twin;MBSE;Systems Engineering;System Model;SysML,,,,,,,,,,,,,,,,,,,,,,,,,
2023,Deep learning (DL);digital twin (DT);industrial Internet of Things (IIoT);IIoT protocols;Internet of Things (IoT);machine learning (ML);supervisory control and data acquisition (SCADA);security,,,,,,,,,,,,,,,,,,,,,,,,,
2020,VANET;authentication;privacy;message integrity,,,,,,,,,,,,,,,,,,,,,,,,,
2022,Internet of Things (IoT) security;property-based provisioning;secure device provisioning;smart infrastructure security,,,,,,,,,,,,,,,,,,,,,,,,,
2022,digital twin;Multi-source information fusion;IoT platform;network communication;server,,,,,,,,,,,,,,,,,,,,,,,,,
2023,Cooperation;deep reinforcement learning (DRL);digital twin network (DTN);multiaccess edge computing (MEC);radio access network (RAN) slicing,,,,,,,,,,,,,,,,,,,,,,,,,
2021,Data Security;Sharing;IoT;Digital Twins;Access Control;Tag Based Access Control;Edge Centric,,,,,,,,,,,,,,,,,,,,,,,,,
2022,,,,,,,,,,,,,,,,,,,,,,,,,,
2022,Digital Private Network;5G NR-U;Oil & Gas;Prediction plots;RAN Architecture;DRCS (Dedicated Short-Range Communications);ITS (Intelligent Transport System;Effective Isotropic Radiated Power (EIRP),,,,,,,,,,,,,,,,,,,,,,,,,
2020,Digital Twin;IoT;Industry 4.0;RAMI 4.0;CPS;Robotic Networks;Prototyping;Ocean Observation,,,,,,,,,,,,,,,,,,,,,,,,,
2022,Mobile Edge Computing;Digital Twin;Service Caching;Dependency,,,,,,,,,,,,,,,,,,,,,,,,,
2022,Digital twin (DT);DT features;DT properties;stage-based DT implementation,,,,,,,,,,,,,,,,,,,,,,,,,
2022,Smart Lighting;Street Lighting;Virtual Reality;Digital Twin;Internet of Things,,,,,,,,,,,,,,,,,,,,,,,,,
2021,,,,,,,,,,,,,,,,,,,,,,,,,,
2023,Industry 4.0;Long Short Term Memory;Auto Encoders;Smart Manufacturing,,,,,,,,,,,,,,,,,,,,,,,,,
2021,Internet of Things;Intelligent Architectures;Digital Twins,,,,,,,,,,,,,,,,,,,,,,,,,
2023,content delivery;digital twin;edge networks;QoD;QoE,,,,,,,,,,,,,,,,,,,,,,,,,
2023,Grant-free random access;6G;mobile edge computing;digital twin,,,,,,,,,,,,,,,,,,,,,,,,,
2022,Unmanned Aerial Vehicles;Machine Learning;5G NR;Digital Twin,,,,,,,,,,,,,,,,,,,,,,,,,
2022,,,,,,,,,,,,,,,,,,,,,,,,,,
2022,Artificial intelligence;big data analytics;communication technologies;digital twin;edge computing;fog;cloud;health care 4.0;industry 4.0;RAMI 4.0,,,,,,,,,,,,,,,,,,,,,,,,,
2022,,,,,,,,,,,,,,,,,,,,,,,,,,
2023,Lane change prediction;driver behavior modeling;connected and automated vehicle;field implementation;digital twin,,,,,,,,,,,,,,,,,,,,,,,,,
2021,Supply chain finance;blockchain;smart contracts;Internet of Things,,,,,,,,,,,,,,,,,,,,,,,,,
2023,Internet of Things;line graph;reinforcement learning;service provisioning;subgraph,,,,,,,,,,,,,,,,,,,,,,,,,
2018,Digital Twin;Machine Learning;Behavioral Analytics;CPS;Privacy Enhancement,,,,,,,,,,,,,,,,,,,,,,,,,
2023,Digital twin;software testing;reinforcement learning;industry 4.0;machine learning,,,,,,,,,,,,,,,,,,,,,,,,,
2022,6G;artificial intelligence (AI);blockchain;digital twin (DT);edge computing;microservices,,,,,,,,,,,,,,,,,,,,,,,,,
2023,Internet of Things (IoT);Emerging Technology;Disruptive Technology;Smart Transportation;Innovation for Sustainable Development;Industry 4.0 (I4.0),,,,,,,,,,,,,,,,,,,,,,,,,
2023,Visual Textual Alignment;Generalizable Person Re-Identification;Attribute-aided;Internet of Things,,,,,,,,,,,,,,,,,,,,,,,,,
2022,Industrial Internet of Things (IIoT);Air Quality Monitoring;Yet Another Next Generation (YANG) Data Model;Digital Twins (DT),,,,,,,,,,,,,,,,,,,,,,,,,
2022,Big data;BIM;quality management,,,,,,,,,,,,,,,,,,,,,,,,,
2020,digital twin;product lifecycle;IoT;information system;PLIM,,,,,,,,,,,,,,,,,,,,,,,,,
2019,Internet of Things;Digital twin;Virtual prototyping;Data collection and analysis,,,,,,,,,,,,,,,,,,,,,,,,,
2017,Smart manufacturing;digital twin shop-floor (DTS);digital twin;virtual shop-floor (VS);shop-floor service system (SSS);shop-floor digital twin data (SDTD);convergence;cyber-physical system (CPS),,,,,,,,,,,,,,,,,,,,,,,,,
2023,Digital twin;Internet of Things;dynamic systems;sensor networks;state estimation;scheduling policies,,,,,,,,,,,,,,,,,,,,,,,,,
2022,,,,,,,,,,,,,,,,,,,,,,,,,,
2019,Cyber-Physical System;Information System Architecture;Internet of Things;Digital Twin;InfluxData Platform,,,,,,,,,,,,,,,,,,,,,,,,,
2022,Digital Twin;Consolidated Digital Twin;Telecommunication Tower;Civil Infrastructure;Internet of Things,,,,,,,,,,,,,,,,,,,,,,,,,
2022,edge computing;software-defined edge intelligent controller;product quality inspection;machine vision;industrial information model,,,,,,,,,,,,,,,,,,,,,,,,,
2021,Industry 4.0;Cloud-Based System;smart factory;Internet of Things;digital twin;cloud computing,,,,,,,,,,,,,,,,,,,,,,,,,
2022,Additive manufacturing;Industry 4.0;Fused Deposition Modelling;in-situ monitoring;digital twin;internet of things,,,,,,,,,,,,,,,,,,,,,,,,,
2022,digital twin;water plant to add medicine;cloud edge collaboration;big data,,,,,,,,,,,,,,,,,,,,,,,,,
2019,,,,,,,,,,,,,,,,,,,,,,,,,,
2020,information system;risk;drivers;services;personal data;AI;AR;data subject;digital twin;data protection;machine learning;artificial intelligence;pattern recognition;visualization,,,,,,,,,,,,,,,,,,,,,,,,,
2020,,,,,,,,,,,,,,,,,,,,,,,,,,
2022,Metaverse;mobile augmented reality;6G wire-less communications;digital twin;reinforcement learning;Internet of Vehicles,,,,,,,,,,,,,,,,,,,,,,,,,
2023,Anomaly detection;control systems;cyberattack;cyber-physical systems;data analysis;digital twins;fault detection;intelligent automation;manufacturing automation;model checking;security,,,,,,,,,,,,,,,,,,,,,,,,,
2020,,,,,,,,,,,,,,,,,,,,,,,,,,
2023,Heterogeneous vehicular networks;digital twins;content delivery;vehicular networks;game theory,,,,,,,,,,,,,,,,,,,,,,,,,
2022,Anomaly Detection;N-Step approach;Smart Manufacturing,,,,,,,,,,,,,,,,,,,,,,,,,
2022,Internet of things;Cyber Security;industrial IOT;digital twins;threats,,,,,,,,,,,,,,,,,,,,,,,,,
2022,,,,,,,,,,,,,,,,,,,,,,,,,,
2021,,,,,,,,,,,,,,,,,,,,,,,,,,
2022,Digital Twin technology;machine learning;LSTM;error prediction;smart devices;battery degradation;Lithium-ion battery,,,,,,,,,,,,,,,,,,,,,,,,,
2022,,,,,,,,,,,,,,,,,,,,,,,,,,
2023,,,,,,,,,,,,,,,,,,,,,,,,,,
2023,UAV network;intrusion detection system;federated continuous learning;stacked broad learning system;digital twin network,,,,,,,,,,,,,,,,,,,,,,,,,
2022,,,,,,,,,,,,,,,,,,,,,,,,,,
2021,,,,,,,,,,,,,,,,,,,,,,,,,,
2022,Digital twin;cybersecurity;industry 40,,,,,,,,,,,,,,,,,,,,,,,,,
2021,Industry 4.0;Cyber physical systems;Internet of Things;Digital twin;Smart factory,,,,,,,,,,,,,,,,,,,,,,,,,
2020,software-defined networking;disadvantaged network;digital twin;edge computing;machine learning;k-means clustering;internet of battlefield things;communication;mesh network;mininet-wifi;controller;wireless backhaul network;topology manager,,,,,,,,,,,,,,,,,,,,,,,,,
2019,Internet of Things;middleware;platform virtualization;wireless sensor networks;clouds;information-centric networking,,,,,,,,,,,,,,,,,,,,,,,,,
2021,,,,,,,,,,,,,,,,,,,,,,,,,,
2021,Digital Twin;Artificial Intelligence;Ensemble Learning;Blockchain;Smart Contract;CNC;Industry 4.0,,,,,,,,,,,,,,,,,,,,,,,,,
2022,,,,,,,,,,,,,,,,,,,,,,,,,,
2023,Control Systems;Digital Twin;Internet of Things;IoT;Industry 4.0;Intelligent Control Engineering;Industrial Artificial Intelligence;Hardware-in-the-loop,,,,,,,,,,,,,,,,,,,,,,,,,
2022,,,,,,,,,,,,,,,,,,,,,,,,,,
2022,blockchain;digital twins;digital building log-book;climate reporting,,,,,,,,,,,,,,,,,,,,,,,,,
2022,I4.0;IIoT;blockchain;decentralization;security;optimization;application;platform;identity resolution system;digital twins,,,,,,,,,,,,,,,,,,,,,,,,,
2023,,,,,,,,,,,,,,,,,,,,,,,,,,
2020,industrial cyber physical system;edge computing;smart grid;real time;fault prediction;transient state estimation;neural networks,,,,,,,,,,,,,,,,,,,,,,,,,
2023,Mining digitalization;data management;data analytics;data visualization;data fusion,,,,,,,,,,,,,,,,,,,,,,,,,
2022,Digital twin;IIoT;WIFI;5G;ISO/APK,,,,,,,,,,,,,,,,,,,,,,,,,
2023,IoT;mobile networks;signaling;overload control;network survivability;simulation;measurement;GTP;SIGTRAN,,,,,,,,,,,,,,,,,,,,,,,,,
2022,,,,,,,,,,,,,,,,,,,,,,,,,,
2021,digital twin modeling;industrial IoT design;system-of-systems modeling,,,,,,,,,,,,,,,,,,,,,,,,,
2023,mobile edge computing;Internet of Things;deep reinforcement learning;digital twin,,,,,,,,,,,,,,,,,,,,,,,,,
2022,Segment Routing;SR;metric;route;routing protocols;IGP;Quality of Service;QoS;latency;Fog Computing;Internet of Things;IoT;Cloud Computing;Grid;Grid Computing;Smart Grid,,,,,,,,,,,,,,,,,,,,,,,,,
2019,Distributed Ledger Technology;Blockchain;Internet-of-Things Devices;Industrial Internet,,,,,,,,,,,,,,,,,,,,,,,,,
2022,6G;digital twins;emergent intelligence;swarm,,,,,,,,,,,,,,,,,,,,,,,,,
2023,Digital Twins;Distributed Learning;Blockchain;Data privacy protection;Digital economy development,,,,,,,,,,,,,,,,,,,,,,,,,
2019,Digital twin;elderly healthcare;personal health management;cloud computing;precision medicine;interaction;convergence,,,,,,,,,,,,,,,,,,,,,,,,,
2021,,,,,,,,,,,,,,,,,,,,,,,,,,
2022,Intelligent Optical Network;Digital Twin;Cyber Physical Social System,,,,,,,,,,,,,,,,,,,,,,,,,
2023,MPC;ANN;IoT;MQTT;Building energy efficiency,,,,,,,,,,,,,,,,,,,,,,,,,
2021,Digital twin;fault tolerance;Industry 40;Internet of Things;machine learning;sensor validation,,,,,,,,,,,,,,,,,,,,,,,,,
2022,sensor fusion;measurement uncertainty;IIoT,,,,,,,,,,,,,,,,,,,,,,,,,
2021,massive IoT;digital twin;edge networks;kubernetes;eclipse hono;eclipse ditto,,,,,,,,,,,,,,,,,,,,,,,,,
2017,Digital twin;cyber-physical systems;Internet-of-Things;social internet of vehicles;sensing-as-a-service;analytical model,,,,,,,,,,,,,,,,,,,,,,,,,
2019,,,,,,,,,,,,,,,,,,,,,,,,,,
2021,Demand Response;System Architecture;Internet of Things;Mining Enterprise;Platform;Load Forecasting;Digital Twin,,,,,,,,,,,,,,,,,,,,,,,,,
2023,Chaos Engineering;Digital Twin;Entanglement;Industrial Internet of Things;Industry 4.0,,,,,,,,,,,,,,,,,,,,,,,,,
2023,industrial Internet of Things (IIoT);digital twin (DT);swarm learning (SL);reliability;deep reinforcement learning (DRL),,,,,,,,,,,,,,,,,,,,,,,,,
2020,Technology assessment;decision-making;digital twins;cyber-physical system;production logistics,,,,,,,,,,,,,,,,,,,,,,,,,
2022,Autonomous vehicles (AVs);collaborative autonomous driving;digital twin (DT);edge computing;game theory,,,,,,,,,,,,,,,,,,,,,,,,,
2023,,,,,,,,,,,,,,,,,,,,,,,,,,
2019,IoT;digital twin;rule conflicts;optimization of rules;connected vehicles,,,,,,,,,,,,,,,,,,,,,,,,,
2023,Industrial Revolution;Big data;Artificial Intelligence (AI);IoT;Industry5.0,,,,,,,,,,,,,,,,,,,,,,,,,
2023,component;common information model;region model;monitoring patrol;measurement type;data fusion,,,,,,,,,,,,,,,,,,,,,,,,,
2021,automated terminal;smart port;Big Data;GIS;PIM;Digital Twin Model,,,,,,,,,,,,,,,,,,,,,,,,,
2022,Metaverse;Security of metaverse;Privacy of metaverse;trusted ecosystem,,,,,,,,,,,,,,,,,,,,,,,,,
2022,Metaverse;sensing-as-a-service;semantic communication;reverse auction,,,,,,,,,,,,,,,,,,,,,,,,,
2021,Data mining;edge server placement;genetic search;Industrial Internet of Things (IIoT);mobile-edge computing,,,,,,,,,,,,,,,,,,,,,,,,,
2023,Digital twin;energy efficiency;multiagent deep reinforcement learning (DRL);wireless computing power networks (WCPNs),,,,,,,,,,,,,,,,,,,,,,,,,
2019,Artificial intelligence;digital twin;human-computer interaction;Internet of Things;machine learning;sensor systems,,,,,,,,,,,,,,,,,,,,,,,,,
2021,Decision support;urban agriculture;modelling;simulation;digital twin;Internet of Things;metaheuristics,,,,,,,,,,,,,,,,,,,,,,,,,
2022,,,,,,,,,,,,,,,,,,,,,,,,,,
2021,Digital twin;internet of things;micro grid;distributed power source;open source,,,,,,,,,,,,,,,,,,,,,,,,,
2022,Metaverse;Edge Computing;Extended Reality;Augmented Reality;Virtual Reality;Blockchain.,,,,,,,,,,,,,,,,,,,,,,,,,
2020,,,,,,,,,,,,,,,,,,,,,,,,,,
2022,Intelligent Manufacturing;Artificial Intelligence;Metallurgical Industry;Intelligent Machine Tools;Digital Twins,,,,,,,,,,,,,,,,,,,,,,,,,
2020,pipeline;electromagnetics;propagation;measurements,,,,,,,,,,,,,,,,,,,,,,,,,
2021,digital transformation;productivity;efficiency;digital partnering;construction industry,,,,,,,,,,,,,,,,,,,,,,,,,
2021,manipulators;motion simulator;classic washout filter;Internet of Things;mobile applications;accelerometers;motion measurements;electromechanical sensors;Node-RED;Digital twin,,,,,,,,,,,,,,,,,,,,,,,,,
2022,Mobile edge computing;deep reinforcement learning;computation offloading;resource allocation;task relevance,,,,,,,,,,,,,,,,,,,,,,,,,
2021,Internet of Things (IoT);Predictive Maintenance;Data Fusion;IoT Security,,,,,,,,,,,,,,,,,,,,,,,,,
2023,Digital Twin;Distributed Model Sharing;Knowledge Distillation;Network Calculus;Multi-Robot System,,,,,,,,,,,,,,,,,,,,,,,,,
2023,Digital twin;federated learning;internet of medical things;privacy preservation;smart health care system,,,,,,,,,,,,,,,,,,,,,,,,,
2017,Cascade detection system;feature sharing;Internet of Things (IoT);multiple applications;resource-aware optimization,,,,,,,,,,,,,,,,,,,,,,,,,
2022,i.MOSA;Internet of Things;IoT;Next Generation Test Systems;Flightline of the Future;Digital Depots;Maintenance of the Future;DoD;Digital Transformation,,,,,,,,,,,,,,,,,,,,,,,,,
2018,,,,,,,,,,,,,,,,,,,,,,,,,,
2020,Big data;Internet of things;Cyber-Physical Systems;Machine Learning,,,,,,,,,,,,,,,,,,,,,,,,,
2022,Data visualization;Internet of Things;scalability;supercomputers,,,,,,,,,,,,,,,,,,,,,,,,,
2019,eHealth;Internet of Things (IoT);Assistive Technology (AT);sensor data analysis;visual interface;vital data monitoring;activity recognition;anomaly detection;position tracking;wearable devices,,,,,,,,,,,,,,,,,,,,,,,,,
2022,Metaverse;IoT;Blockchain;Artificial Intelligence;Healthcare,,,,,,,,,,,,,,,,,,,,,,,,,
2021,Digital Shadow;Digital Twin;Ontology Based Data Access;Industrial Internet of Things,,,,,,,,,,,,,,,,,,,,,,,,,
2020,LIDAR;mapping;GIS;augmented reality,,,,,,,,,,,,,,,,,,,,,,,,,
2022,Digital twin;multi-AUG cooperative;AUG behavior;maritime communication;path planning,,,,,,,,,,,,,,,,,,,,,,,,,
2022,Cyber--physical interaction;GlowScript;Internet of Things (IoT);scratch;smart learning environment (SLE),,,,,,,,,,,,,,,,,,,,,,,,,
2019,Digital twin;blockchain;Internet of Things (IoT);Fourth Industrial Revolution;startups;UAE;aerospace,,,,,,,,,,,,,,,,,,,,,,,,,
2019,,,,,,,,,,,,,,,,,,,,,,,,,,
2022,Virtualization;Digital Twins;Substation;Industrial Control Systems;Cybersecurity;Experiential Learning,,,,,,,,,,,,,,,,,,,,,,,,,
2021,Artificial intelligence;deep learning;digital twin (DT);object detection;pose estimation;robot;simulation,,,,,,,,,,,,,,,,,,,,,,,,,
2018,,,,,,,,,,,,,,,,,,,,,,,,,,
2019,energy efficiency;temperature mode;building thermal model;smart building;Internet of Things,,,,,,,,,,,,,,,,,,,,,,,,,
2022,,,,,,,,,,,,,,,,,,,,,,,,,,
2023,Communication;Computing;Digital Twin;Aircraft Final Assembly;Heterogeneous Processes,,,,,,,,,,,,,,,,,,,,,,,,,
2022,IoT;Prehabilitation;Wearable sensor device;smart movement monitoring,,,,,,,,,,,,,,,,,,,,,,,,,
2022,,,,,,,,,,,,,,,,,,,,,,,,,,
2023,metaverse;mHealth;mobile health;applications;medical metaverse;Internet of Medical Things,,,,,,,,,,,,,,,,,,,,,,,,,
2021,BIM server;building information modeling (BIM);digital maturity;digital twin;EBIM (Enterprise BIM);enterprise modeling;facility management;operation,,,,,,,,,,,,,,,,,,,,,,,,,
2019,,,,,,,,,,,,,,,,,,,,,,,,,,
2021,Big-data analytics;cloud computing;digitalization;digital twin;industry 4.0;Industry Internet of Things (IIoT);oil and gas industry;operator 4.0;virtual reality;wearable technologies,,,,,,,,,,,,,,,,,,,,,,,,,
2020,smart city;people with disabilities;elderly population;infrastructure;applications;digital twin,,,,,,,,,,,,,,,,,,,,,,,,,
2023,Built environment;digitalization;IoT devices;data-driven service;sensor network,,,,,,,,,,,,,,,,,,,,,,,,,
2023,,,,,,,,,,,,,,,,,,,,,,,,,,
2023,Metaverse;blockchain;artificial intelligence;digital asset management;the Internet of Things;digital twin;VR/AR,,,,,,,,,,,,,,,,,,,,,,,,,
2022,Information integration (II);space informatics;digital triad (DT-II);internet of digital-triad things (IoDTT);first-time right (FTR);space information integration (SII),,,,,,,,,,,,,,,,,,,,,,,,,
2020,IoT antenna;RFID antenna;industry 4.0;rugged antenna;ETSI,,,,,,,,,,,,,,,,,,,,,,,,,
2022,Industrial Control and Automation Systems;Threats and Vulnerabilities in Industrial Control and Automation Systems;Industrial Cybersecurity standards and frameworks;Industrial Protocols,,,,,,,,,,,,,,,,,,,,,,,,,
2020,Prognostics;RUL Estimation;Deep Learning;Long-short Term Memory;IIoT;Autoencoder,,,,,,,,,,,,,,,,,,,,,,,,,
2022,,,,,,,,,,,,,,,,,,,,,,,,,,
2020,Blockchain;digital twin;individualized manufacturing;Industrial Internet of Things (IIoT);smart contracts,,,,,,,,,,,,,,,,,,,,,,,,,
2022,,,,,,,,,,,,,,,,,,,,,,,,,,
2021,Bulk material handling equipment;mechatronics;adaptive design,,,,,,,,,,,,,,,,,,,,,,,,,
2021,Engineering education;industry 4.0;industrial Internet of Things;IIoT;cyber-physical system,,,,,,,,,,,,,,,,,,,,,,,,,
2022,LSTM;Random Forest;Machine learning;Environmental data,,,,,,,,,,,,,,,,,,,,,,,,,
2022,sustainable development;twin numbers;life cycle;turbine machinery;simulation,,,,,,,,,,,,,,,,,,,,,,,,,
2023,Network slicing;handoff;resource allocation;deep reinforcement learning;digital twin network,,,,,,,,,,,,,,,,,,,,,,,,,
2021,Autonomous vehicles;driverless vehicles;human-on-the-loop (HOTL);haptics;humanin-the-loop (HITL);human–vehicle coactivity;self-driving;tactile Internet;teleoperation;digital twins;Internet of Vehicles (IoVs),,,,,,,,,,,,,,,,,,,,,,,,,
2020,Internet of Things;smart city;service discovery;open IoT ecosystem;communication standards,,,,,,,,,,,,,,,,,,,,,,,,,
2019,Digital twin;virtual reality;robot control;mobile networks;network security,,,,,,,,,,,,,,,,,,,,,,,,,
2021,Smart badge;Utilities Safety;Workforce;Utilities Services;Human Interface;Network Digital Twin®;COVID-19,,,,,,,,,,,,,,,,,,,,,,,,,
2021,Data;Healthcare;Risks Identification;Internet of Medical Things;medical organization;IoT;IoMT;Wireless Sensor Network;threats;digital twin;data protection;security;privacy;risk;models;system;information quality,,,,,,,,,,,,,,,,,,,,,,,,,
2020,IEEE council on radio-frequency identification;Internet of Things;cyber-physical social systems (CPSS);digital twins,,,,,,,,,,,,,,,,,,,,,,,,,
2020,BIM;IoT;Smart building;Digital Twin;Air Quality Sensors,,,,,,,,,,,,,,,,,,,,,,,,,
2022,IoT;Marketing;Decision Making;Digital Twin Technology;Big Data;Analytics;Data Collection,,,,,,,,,,,,,,,,,,,,,,,,,
2021,Cybersecurity;intelligent manufacturing systems;Industrial Internet of Things;industrial control system;cyber-physical systems;manufacturing execution systems,,,,,,,,,,,,,,,,,,,,,,,,,
2020,Communication Systems;Cellular Mobile Network;Internet of Things;Cybersecurity;Digital Twin;User profiling;5G,,,,,,,,,,,,,,,,,,,,,,,,,
2023,Virtual Prototyping;Digital Twin;Automotive;Electronics;Software Process;Simulation;Security,,,,,,,,,,,,,,,,,,,,,,,,,
2022,disconnector;online monitoring;model;geographical region;digital twin,,,,,,,,,,,,,,,,,,,,,,,,,
2020,,,,,,,,,,,,,,,,,,,,,,,,,,
2023,Cyber–physical–social systems;deep Q-leaning networks;emergency evacuation;metaverse;three-dimensional (3-D) simulation;virtual reality,,,,,,,,,,,,,,,,,,,,,,,,,
2023,,,,,,,,,,,,,,,,,,,,,,,,,,
2022,Tokens;CPS;Monetization;Blockchain;Distributed Ledger;DLT;Cryptography;IoT;Harmonization;Interoperability;Decentralized Finance;DeFi;Industry 4.0;Sustainability,,,,,,,,,,,,,,,,,,,,,,,,,
2022,Digital models;earthmoving;equipment productivity;mobile equipment;emerging;technologies;tracking;sensing,,,,,,,,,,,,,,,,,,,,,,,,,
2021,Intelligent manufacturing system;Input explosion;Public,,,,,,,,,,,,,,,,,,,,,,,,,
2019,Smart Grids;Demand Side Management;Technological Innovation;the Normalizer of AC Voltage;Resource Consumption Management;Machine-to-Machine Interaction;Distributed Control System;Industrial Internet of Things;Digital Twin,,,,,,,,,,,,,,,,,,,,,,,,,
2021,Cyber–physical systems;digital twin;industrial internet;Industry 4.0;Internet of Things (IoT);wearables,,,,,,,,,,,,,,,,,,,,,,,,,
2022,IoT;sensor;digital twin;deep learning;structural health monitoring,,,,,,,,,,,,,,,,,,,,,,,,,
2023,Healthcare;Digital Twins;Deep Learning;Random Forest Algorithm;Clinical Data,,,,,,,,,,,,,,,,,,,,,,,,,
2022,6G;AI;DT;SAGIN;NTN;Network architecture,,,,,,,,,,,,,,,,,,,,,,,,,
2023,Deterministic communication;Time Sensitive Networking (TSN);digital twin;smart healthcare,,,,,,,,,,,,,,,,,,,,,,,,,
2021,security training;cyber range;security assurance;learning path;security assessment;smart energy;smart shipping;healthcare,,,,,,,,,,,,,,,,,,,,,,,,,
2021,maturity status;data-intensive;artificial intelligence and internet of things;current-future changing rate,,,,,,,,,,,,,,,,,,,,,,,,,
2021,time series;imputation;ocean;environment;model management,,,,,,,,,,,,,,,,,,,,,,,,,
2023,Teleoperating;IoT;Web Application;Food Industry,,,,,,,,,,,,,,,,,,,,,,,,,
2022,,,,,,,,,,,,,,,,,,,,,,,,,,
2021,real-time synchronization;digital twins;cyber-physical system;embedded systems;internet-of-things,,,,,,,,,,,,,,,,,,,,,,,,,
2022,communication technologies;edge computing;internet-of-things;smart villages,,,,,,,,,,,,,,,,,,,,,,,,,
2022,Telerehabilitation;upper limb;end effector;IIoT;augmented reality;teleoperation;robotic arm,,,,,,,,,,,,,,,,,,,,,,,,,
2022,Concept drift;health index (HI);hidden Markov model;Industrial Internet of Things (IIoT);machine learning;novelty detection;predictive maintenance;remaining useful life (RUL),,,,,,,,,,,,,,,,,,,,,,,,,
2020,Digital twin;digital transformation;COVID 19,,,,,,,,,,,,,,,,,,,,,,,,,
2016,,,,,,,,,,,,,,,,,,,,,,,,,,
2020,smart environments;internet of things;dynamics modelling;digital twin;simulation;smart city;noise pollution,,,,,,,,,,,,,,,,,,,,,,,,,
2022,Agriculture 4.0;Precision Agriculture;Cyber Physical System;Internet of Things;Digital Twin;Machine Learning;Sensors,,,,,,,,,,,,,,,,,,,,,,,,,
2023,,,,,,,,,,,,,,,,,,,,,,,,,,
2021,Self-Improving System Integration;Self-Awareness;Novelty Detection;Anomaly Detection;Online Clustering;SISSY,,,,,,,,,,,,,,,,,,,,,,,,,
2022,IoT;Metaverse;Education,,,,,,,,,,,,,,,,,,,,,,,,,
2021,Short group signatures;conditional privacy;revocation;forward secrecy;backward secrecy;elliptic curve caching;VANET;timed key updates,,,,,,,,,,,,,,,,,,,,,,,,,
2022,Metaverse;resource allocation;IoT;evolutionary game;hybrid dynamics,,,,,,,,,,,,,,,,,,,,,,,,,
2022,Internet of Things;Sensor;Virtual Sensor;Machine Learning,,,,,,,,,,,,,,,,,,,,,,,,,
2023,,,,,,,,,,,,,,,,,,,,,,,,,,
2022,,,,,,,,,,,,,,,,,,,,,,,,,,
2021,Varying Structure Automatic Systems;Intelligent Control;Interaction with environment;Digital Twin of a Smart Greenhouse,,,,,,,,,,,,,,,,,,,,,,,,,
2020,Duffing equation;dynamic measurements;data-driven modeling;parameter identification;adaptive modeling;predictive modeling,,,,,,,,,,,,,,,,,,,,,,,,,
2022,Raspberry Pi 3;Radio Frequency Identification;IoT;IIoT;smart inventory;TensorFlow;Deep Learning;Image Classification;Node-red;Camera;MQTT;AWS;Cloud;EC2 Console;Google Teachable Machine;Edge computing,,,,,,,,,,,,,,,,,,,,,,,,,
2021,communication network;transmission cable;sensor;intelligent monitoring device;inspection robot,,,,,,,,,,,,,,,,,,,,,,,,,
2021,Automotive supply chain;complexity management;digital twin lifecycle management;hardware and software convergence;integrated hardware and software;smart products,,,,,,,,,,,,,,,,,,,,,,,,,
2021,usage control;ABAC;SDN;system security;cyber-physical systems;digital twin;simulation,,,,,,,,,,,,,,,,,,,,,,,,,
2021,5G;6G;artificial intelligence;blockchain;cell-free MIMO;digital twin;edge computing;holographic-type communications;Internet of Everything;Internet of Things;machine learning;mobile networks;non-terrestrial networks;optical wireless communications;O-RAN;tactile Internet;terahertz;visible light communications;wireless communications,,,,,,,,,,,,,,,,,,,,,,,,,
2023,AIoT;Cyber-Physical Systems;Domain-Specific Language;Model-Driven Engineering;ThingML,,,,,,,,,,,,,,,,,,,,,,,,,
2023,Virtual Reality;Industrial robotics;virtual teaching;higher education;educational innovation,,,,,,,,,,,,,,,,,,,,,,,,,
2022,DLT;Distributed Ledger;Blockchain;E-Governance,,,,,,,,,,,,,,,,,,,,,,,,,
2022,6G networks;blockchain;optimization model;security;sharding design,,,,,,,,,,,,,,,,,,,,,,,,,
2023,Artificial intelligence;blockchain;digital twin;drone transportation system;metaverse;NFT;security;UAV,,,,,,,,,,,,,,,,,,,,,,,,,
2021,Artificial intelligence (AI);cyber-physical systems (CPS);digital-twin (DT);framework;oil and gas (O&G);industry revolution 4.0 (IR 4.0);industry 4.0 (I4.0);Internet of Things (IoT);simulation;upstream sector,,,,,,,,,,,,,,,,,,,,,,,,,
2022,The Fifth Generation (5G) Network;cyber security;cyber threat;supply chain security;telecommunication threats;eMBB;mMTC;URLLC,,,,,,,,,,,,,,,,,,,,,,,,,
2023,Blockchain technology;execution integrity;Industry 4.0;production system;smart device,,,,,,,,,,,,,,,,,,,,,,,,,
2022,,,,,,,,,,,,,,,,,,,,,,,,,,
2017,added value;administration shell;automation;cloud;control;digital twin;distributed systems;electric drives;information and communication technology;internet of things;process;reference architecture model;system;systems engineering,,,,,,,,,,,,,,,,,,,,,,,,,
2022,6G;CNOS;Cloud-Network;Operating System;Architecture;Cloud-Network Convergence,,,,,,,,,,,,,,,,,,,,,,,,,
2020,,,,,,,,,,,,,,,,,,,,,,,,,,
2022,Blockchain;Industry 5.0;Internet-of-Things;security;privacy,,,,,,,,,,,,,,,,,,,,,,,,,
2023,smart grid;energy efficiency;cybersecurity;digital twins,,,,,,,,,,,,,,,,,,,,,,,,,
2021,Data driven and automation;Industry 4.0;Machine Learning;Quality control;data gathering and analytic,,,,,,,,,,,,,,,,,,,,,,,,,
2022,Mobile Edge Computing;Vehicular Edge Computing;Deep Reinforcement Learning;Task Offloading;Digital Twins;Generative Adversarial Network,,,,,,,,,,,,,,,,,,,,,,,,,
2022,IoT;Prehabilitation;movement recognition;mixed-mode prehabilitation;Preoperative,,,,,,,,,,,,,,,,,,,,,,,,,
2020,Ultra-low-power transmitter;spur suppression;self-aligned PLL;injection-locked TX,,,,,,,,,,,,,,,,,,,,,,,,,
2021,Condition monitoring;induction motors;internet of things;finite element analysis,,,,,,,,,,,,,,,,,,,,,,,,,
2022,Autonomous vehicles;Internet of Things;digital twins;deep learning;3D object detection;YOLOv3;lyft,,,,,,,,,,,,,,,,,,,,,,,,,
2019,Fatigue life;IIoT;Augmented reality;Health indication;Predictive maintenance;Simulation in operation,,,,,,,,,,,,,,,,,,,,,,,,,
09-Oct-20,https://ieeexplore.ieee.org/stamp/stamp.jsp?arnumber=9217734,,,,,,,,,,,,,,,,,,,,,,,,,
2021,Duty cycle control;machine learning;object tracking;recurrent neural network;wireless sensor networks,,,,,,,,,,,,,,,,,,,,,,,,,
2020,Industrial IoT;Networking;Factories of the Future;Interference Aware Transmission;Fourth Industrial Revolution,,,,,,,,,,,,,,,,,,,,,,,,,
2021,Product Quality;Process Quality;Data Quality;Data Reliability;Blockchain;Virtual Sensors;Digital Twins;Process Simulation;Process Optimization;Zero-defect Manufacturing,,,,,,,,,,,,,,,,,,,,,,,,,
2021,Data Quality;Data Reliability;Blockchain;Product Quality;Process Quality;Digital Twin;Process Simulation;Process Optimization;Zero-defect Manufacturing,,,,,,,,,,,,,,,,,,,,,,,,,
2017,Smart Component;Industrial Sensor Cloud (ISC);Industrial Wireless Sensor Network (IWSN);Software Reconfiguration;Industrial Cyber Physical Systems(ICPS);Industrial Internet of Thing's (IIoT),,,,,,,,,,,,,,,,,,,,,,,,,
2022,Data handling;digital twin;heterogeneous networks;Internet of Things (IoT);navigation,,,,,,,,,,,,,,,,,,,,,,,,,
2022,Radio Frequency Identification (RFID);Weight Sensing;Internet of Things (IoT);Blockchain;Data Visualization;Chemical Management;Digital Twin,,,,,,,,,,,,,,,,,,,,,,,,,
2019,smart factory;smart factory implementation;systematic literature review,,,,,,,,,,,,,,,,,,,,,,,,,
2017,infrastructure;underground;utility;network;geospatial;sensing;iot,,,,,,,,,,,,,,,,,,,,,,,,,
2022,Metaverse;blockchain;Immersive Services;AI;XR;Autonomous Resource Management,,,,,,,,,,,,,,,,,,,,,,,,,
2019,Spatial ETL;GeoSpatial Big-Data;Smart City;NiFi,,,,,,,,,,,,,,,,,,,,,,,,,
2023,Wireless federated learning;device heterogeneity;adaptive batch sizes;gradient quantization;convergence analysis,,,,,,,,,,,,,,,,,,,,,,,,,
2022,Aloha;finite block length region;low latency;maximum sum rate;short-packet,,,,,,,,,,,,,,,,,,,,,,,,,
2022,,,,,,,,,,,,,,,,,,,,,,,,,,
2022,Integrated sensing and communication;UAV swarm;target tracking;cyber-twin,,,,,,,,,,,,,,,,,,,,,,,,,
2023,Fintech;financial services;finance sector;emerging technologies;artificial intelligence;innovation in fintech;financial inclusion,,,,,,,,,,,,,,,,,,,,,,,,,
2022,Coating;lead-free;piezoelectric ceramic;structural health monitoring (SHM);thermal spray;ultrasonic transducer,,,,,,,,,,,,,,,,,,,,,,,,,
2023,Multi-tier computing;Resource allocation;Task scheduling;Deep reinforcement learning;Federated learning,,,,,,,,,,,,,,,,,,,,,,,,,
2018,,,,,,,,,,,,,,,,,,,,,,,,,,
2023,,,,,,,,,,,,,,,,,,,,,,,,,,
2023,,,,,,,,,,,,,,,,,,,,,,,,,,
2021,,,,,,,,,,,,,,,,,,,,,,,,,,
2020,,,,,,,,,,,,,,,,,,,,,,,,,,
2023,,,,,,,,,,,,,,,,,,,,,,,,,,
2023,,,,,,,,,,,,,,,,,,,,,,,,,,
2022,,,,,,,,,,,,,,,,,,,,,,,,,,
2021,,,,,,,,,,,,,,,,,,,,,,,,,,
2021,,,,,,,,,,,,,,,,,,,,,,,,,,
2022,,,,,,,,,,,,,,,,,,,,,,,,,,
2021,,,,,,,,,,,,,,,,,,,,,,,,,,
2020,,,,,,,,,,,,,,,,,,,,,,,,,,
2022,,,,,,,,,,,,,,,,,,,,,,,,,,
2022,,,,,,,,,,,,,,,,,,,,,,,,,,
2021,6G network;cell-free massive MIMO;distributed antenna systems;massive MIMO;user-centric,,,,,,,,,,,,,,,,,,,,,,,,,
2019,,,,,,,,,,,,,,,,,,,,,,,,,,
